id;address;city;street;name;zip
1;mobile Fish;Metzstad;Crist Dam;Practical Fresh Pants;Metal deposit
2;Producer;Wehnerberg;Zemlak Alley;Money Market Account;Albania web-readiness
3;Namibia;North Alycia;Frederick Glens;Common;Savings Account syndicate Planner
4;Refined Rubber Chicken Table;North Urielside;Raheem Vista;access Intelligent;Monitored Bahamian Dollar Investment Account
5;Games Regional Digitized;Nicolasburgh;Cordell Landing;Georgia Industrial;connect Markets Chief
6;capacitor archive;Cleveport;Eric Canyon;scale interactive generating;Specialist Home Loan Account
7;Plastic;Cummerataton;Henri Bridge;reinvent 24 hour Jewelery;monitor
8;1080p Checking Account Identity;Bettyside;Lincoln Trace;archive Fantastic Plastic Chicken;payment
9;withdrawal COM;West Blake;Rosie Walk;hard drive Robust Networked;Poland
10;Small partnerships;North Sonnyfurt;MacGyver Mall;European Unit of Account 9(E.U.A.-9) Concrete;relationships override
